Season,Week,GameStatus,Day,Date,AwayTeam,AwayRecord,AwayScore,AwayWin,HomeTeam,HomeRecord,HomeScore,HomeWin,AwaySeeding,HomeSeeding,PostSeason
2024,Week 1,FINAL,THU,5-Sep,Ravens,0-1,20,0,Chiefs,Jan-00,27,1,,,0
2024,Week 1,FINAL,FRI,6-Sep,Packers,0-1,29,0,Eagles,Jan-00,34,1,,,0
2024,Week 1,FINAL,SUN,8-Sep,Steelers,Jan-00,18,1,Falcons,0-1,10,0,,,0
2024,Week 1,FINAL,SUN,8-Sep,Cardinals,0-1,28,0,Bills,Jan-00,34,1,,,0
2024,Week 1,FINAL,SUN,8-Sep,Titans,0-1,17,0,Bears,Jan-00,24,1,,,0
2024,Week 1,FINAL,SUN,8-Sep,Patriots,Jan-00,16,1,Bengals,0-1,10,0,,,0
2024,Week 1,FINAL,SUN,8-Sep,Texans,Jan-00,29,1,Colts,0-1,27,0,,,0
2024,Week 1,FINAL,SUN,8-Sep,Jaguars,0-1,17,0,Dolphins,Jan-00,20,1,,,0
2024,Week 1,FINAL,SUN,8-Sep,Panthers,0-1,10,0,Saints,Jan-00,47,1,,,0
2024,Week 1,FINAL,SUN,8-Sep,Vikings,Jan-00,28,1,Giants,0-1,6,0,,,0
2024,Week 1,FINAL,SUN,8-Sep,Raiders,0-1,10,0,Chargers,Jan-00,22,1,,,0
2024,Week 1,FINAL,SUN,8-Sep,Broncos,0-1,20,0,Seahawks,Jan-00,26,1,,,0
2024,Week 1,FINAL,SUN,8-Sep,Cowboys,Jan-00,33,1,Browns,0-1,17,0,,,0
2024,Week 1,FINAL,SUN,8-Sep,Commanders,0-1,20,0,Buccaneers,Jan-00,37,1,,,0
2024,Week 1,FINAL,SUN,8-Sep,Rams,0-1,20,0,Lions,Jan-00,26,1,,,0
2024,Week 1,FINAL,MON,9-Sep,Jets,0-1,19,0,49ers,Jan-00,32,1,,,0
2024,Week 2,FINAL,THU,12-Sep,Bills,Feb-00,31,1,Dolphins,1-Jan,10,0,,,0
2024,Week 2,FINAL,SUN,15-Sep,Raiders,1-Jan,26,1,Ravens,0-2,23,0,,,0
2024,Week 2,FINAL,SUN,15-Sep,Chargers,Feb-00,26,1,Panthers,0-2,3,0,,,0
2024,Week 2,FINAL,SUN,15-Sep,Saints,Feb-00,44,1,Cowboys,1-Jan,19,0,,,0
2024,Week 2,FINAL,SUN,15-Sep,Buccaneers,Feb-00,20,1,Lions,1-Jan,16,0,,,0
2024,Week 2,FINAL,SUN,15-Sep,Colts,0-2,10,0,Packers,1-Jan,16,1,,,0
2024,Week 2,FINAL,SUN,15-Sep,Browns,1-Jan,18,1,Jaguars,0-2,13,0,,,0
2024,Week 2,FINAL,SUN,15-Sep,49ers,1-Jan,17,0,Vikings,Feb-00,23,1,,,0
2024,Week 2,FINAL,SUN,15-Sep,Seahawks,Feb-00,23,1,Patriots,1-Jan,20,0,,,0
2024,Week 2,FINAL,SUN,15-Sep,Jets,1-Jan,24,1,Titans,0-2,17,0,,,0
2024,Week 2,FINAL,SUN,15-Sep,Giants,0-2,18,0,Commanders,1-Jan,21,1,,,0
2024,Week 2,FINAL,SUN,15-Sep,Rams,0-2,10,0,Cardinals,1-Jan,41,1,,,0
2024,Week 2,FINAL,SUN,15-Sep,Steelers,Feb-00,13,1,Broncos,0-2,6,0,,,0
2024,Week 2,FINAL,SUN,15-Sep,Bengals,0-2,25,0,Chiefs,Feb-00,26,1,,,0
2024,Week 2,FINAL,SUN,15-Sep,Bears,1-Jan,13,0,Texans,Feb-00,19,1,,,0
2024,Week 2,FINAL,MON,16-Sep,Falcons,1-Jan,22,1,Eagles,1-Jan,21,0,,,0
2024,Week 3,FINAL,THU,19-Sep,Patriots,2-Jan,3,0,Jets,1-Feb,24,1,,,0
2024,Week 3,FINAL,SUN,22-Sep,Giants,2-Jan,21,1,Browns,2-Jan,15,0,,,0
2024,Week 3,FINAL,SUN,22-Sep,Bears,2-Jan,16,0,Colts,2-Jan,21,1,,,0
2024,Week 3,FINAL,SUN,22-Sep,Texans,1-Feb,7,0,Vikings,Mar-00,34,1,,,0
2024,Week 3,FINAL,SUN,22-Sep,Eagles,1-Feb,15,1,Saints,1-Feb,12,0,,,0
2024,Week 3,FINAL,SUN,22-Sep,Chargers,1-Feb,10,0,Steelers,Mar-00,20,1,,,0
2024,Week 3,FINAL,SUN,22-Sep,Broncos,2-Jan,26,1,Buccaneers,1-Feb,7,0,,,0
2024,Week 3,FINAL,SUN,22-Sep,Packers,1-Feb,30,1,Titans,0-3,14,0,,,0
2024,Week 3,FINAL,SUN,22-Sep,Panthers,2-Jan,36,1,Raiders,2-Jan,22,0,,,0
2024,Week 3,FINAL,SUN,22-Sep,Dolphins,2-Jan,3,0,Seahawks,Mar-00,24,1,,,0
2024,Week 3,FINAL,SUN,22-Sep,Lions,1-Feb,20,1,Cardinals,2-Jan,13,0,,,0
2024,Week 3,FINAL,SUN,22-Sep,Ravens,2-Jan,28,1,Cowboys,2-Jan,25,0,,,0
2024,Week 3,FINAL,SUN,22-Sep,49ers,2-Jan,24,0,Rams,2-Jan,27,1,,,0
2024,Week 3,FINAL,SUN,22-Sep,Chiefs,Mar-00,22,1,Falcons,2-Jan,17,0,,,0
2024,Week 3,FINAL,MON,23-Sep,Jaguars,0-3,10,0,Bills,Mar-00,47,1,,,0
2024,Week 3,FINAL,MON,23-Sep,Commanders,1-Feb,38,1,Bengals,0-3,33,0,,,0
2024,Week 4,FINAL,THU,26-Sep,Cowboys,2-Feb,20,1,Giants,3-Jan,15,0,,,0
2024,Week 4,FINAL,SUN,29-Sep,Saints,2-Feb,24,0,Falcons,2-Feb,26,1,,,0
2024,Week 4,FINAL,SUN,29-Sep,Bengals,3-Jan,34,1,Panthers,3-Jan,24,0,,,0
2024,Week 4,FINAL,SUN,29-Sep,Rams,3-Jan,18,0,Bears,2-Feb,24,1,,,0
2024,Week 4,FINAL,SUN,29-Sep,Vikings,Apr-00,31,1,Packers,2-Feb,29,0,,,0
2024,Week 4,FINAL,SUN,29-Sep,Jaguars,0-4,20,0,Texans,1-Mar,24,1,,,0
2024,Week 4,FINAL,SUN,29-Sep,Steelers,1-Mar,24,0,Colts,2-Feb,27,1,,,0
2024,Week 4,FINAL,SUN,29-Sep,Broncos,2-Feb,10,1,Jets,2-Feb,9,0,,,0
2024,Week 4,FINAL,SUN,29-Sep,Eagles,2-Feb,16,0,Buccaneers,1-Mar,33,1,,,0
2024,Week 4,FINAL,SUN,29-Sep,Commanders,1-Mar,42,1,Cardinals,3-Jan,14,0,,,0
2024,Week 4,FINAL,SUN,29-Sep,Patriots,3-Jan,13,0,49ers,2-Feb,30,1,,,0
2024,Week 4,FINAL,SUN,29-Sep,Chiefs,Apr-00,17,1,Chargers,2-Feb,10,0,,,0
2024,Week 4,FINAL,SUN,29-Sep,Browns,3-Jan,16,0,Raiders,2-Feb,20,1,,,0
2024,Week 4,FINAL,SUN,29-Sep,Bills,1-Mar,10,0,Ravens,2-Feb,35,1,,,0
2024,Week 4,FINAL,MON,30-Sep,Titans,3-Jan,31,1,Dolphins,3-Jan,12,0,,,0
2024,Week 4,FINAL,MON,30-Sep,Seahawks,1-Mar,29,0,Lions,1-Mar,42,1,,,0
2024,Week 5,FINAL,THU,3-Oct,Buccaneers,1-Mar,30,0,Falcons,2-Feb,36,1,,,0
2024,Week 5,FINAL,SUN,6-Oct,Jets,2-Feb,17,0,Vikings,Apr-00,23,1,,,0
2024,Week 5,FINAL,SUN,6-Oct,Panthers,3-Jan,10,0,Bears,2-Feb,36,1,,,0
2024,Week 5,FINAL,SUN,6-Oct,Ravens,2-Feb,41,1,Bengals,3-Jan,38,0,,,0
2024,Week 5,FINAL,SUN,6-Oct,Bills,1-Mar,20,0,Texans,1-Mar,23,1,,,0
2024,Week 5,FINAL,SUN,6-Oct,Colts,2-Feb,34,0,Jaguars,0-4,37,1,,,0
2024,Week 5,FINAL,SUN,6-Oct,Dolphins,3-Jan,15,1,Patriots,3-Jan,10,0,,,0
2024,Week 5,FINAL,SUN,6-Oct,Browns,3-Jan,13,0,Commanders,1-Mar,34,1,,,0
2024,Week 5,FINAL,SUN,6-Oct,Raiders,2-Feb,18,0,Broncos,2-Feb,34,1,,,0
2024,Week 5,FINAL,SUN,6-Oct,Cardinals,3-Jan,24,1,49ers,2-Feb,23,0,,,0
2024,Week 5,FINAL,SUN,6-Oct,Packers,2-Feb,24,1,Rams,3-Jan,19,0,,,0
2024,Week 5,FINAL,SUN,6-Oct,Giants,3-Jan,29,1,Seahawks,1-Mar,20,0,,,0
2024,Week 5,FINAL,SUN,6-Oct,Cowboys,2-Feb,20,1,Steelers,1-Mar,17,0,,,0
2024,Week 5,FINAL,MON,7-Oct,Saints,2-Feb,13,0,Chiefs,Apr-00,26,1,,,0
2024,Week 5,BYE,,,Eagles,2-Feb,,,,,,,,,0
2024,Week 5,BYE,,,Titans,3-Jan,,,,,,,,,0
2024,Week 5,BYE,,,Chargers,2-Feb,,,,,,,,,0
2024,Week 5,BYE,,,Lions,1-Mar,,,,,,,,,0
2024,Week 6,FINAL,THU,10-Oct,49ers,2-Feb,36,1,Seahawks,1-Mar,24,0,,,0
2024,Week 6,FINAL,SUN,13-Oct,Jaguars,0-4,16,0,Bears,2-Feb,35,1,,,0
2024,Week 6,FINAL,SUN,13-Oct,Commanders,1-Mar,23,0,Ravens,2-Feb,30,1,,,0
2024,Week 6,FINAL,SUN,13-Oct,Cardinals,3-Jan,13,0,Packers,2-Feb,34,1,,,0
2024,Week 6,FINAL,SUN,13-Oct,Texans,1-Mar,41,1,Patriots,3-Jan,21,0,,,0
2024,Week 6,FINAL,SUN,13-Oct,Buccaneers,1-Mar,51,1,Saints,2-Feb,27,0,,,0
2024,Week 6,FINAL,SUN,13-Oct,Browns,3-Jan,16,0,Eagles,2-Feb,20,1,,,0
2024,Week 6,FINAL,SUN,13-Oct,Colts,2-Feb,20,1,Titans,3-Jan,17,0,,,0
2024,Week 6,FINAL,SUN,13-Oct,Chargers,2-Feb,23,1,Broncos,2-Feb,16,0,,,0
2024,Week 6,FINAL,SUN,13-Oct,Steelers,1-Mar,32,1,Raiders,2-Feb,13,0,,,0
2024,Week 6,FINAL,SUN,13-Oct,Falcons,2-Feb,38,1,Panthers,3-Jan,20,0,,,0
2024,Week 6,FINAL,SUN,13-Oct,Lions,1-Mar,47,1,Cowboys,2-Feb,9,0,,,0
2024,Week 6,FINAL,SUN,13-Oct,Bengals,3-Jan,17,1,Giants,3-Jan,7,0,,,0
2024,Week 6,FINAL,MON,14-Oct,Bills,1-Mar,23,1,Jets,2-Feb,20,0,,,0
2024,Week 6,BYE,,,Dolphins,3-Jan,,,,,,,,,0
2024,Week 6,BYE,,,Vikings,Apr-00,,,,,,,,,0
2024,Week 6,BYE,,,Rams,3-Jan,,,,,,,,,0
2024,Week 6,BYE,,,Chiefs,Apr-00,,,,,,,,,0
2024,Week 7,FINAL,THU,17-Oct,Broncos,2-Feb,33,1,Saints,2-Feb,10,0,,,0
2024,Week 7,FINAL,SUN,20-Oct,Patriots,3-Jan,16,0,Jaguars,0-4,32,1,,,0
2024,Week 7,FINAL,SUN,20-Oct,Seahawks,1-Mar,34,1,Falcons,2-Feb,14,0,,,0
2024,Week 7,FINAL,SUN,20-Oct,Titans,3-Jan,10,0,Bills,1-Mar,34,1,,,0
2024,Week 7,FINAL,SUN,20-Oct,Bengals,3-Jan,21,1,Browns,3-Jan,14,0,,,0
2024,Week 7,FINAL,SUN,20-Oct,Texans,1-Mar,22,0,Packers,2-Feb,24,1,,,0
2024,Week 7,FINAL,SUN,20-Oct,Dolphins,3-Jan,10,0,Colts,2-Feb,16,1,,,0
2024,Week 7,FINAL,SUN,20-Oct,Lions,1-Mar,31,1,Vikings,Apr-00,29,0,,,0
2024,Week 7,FINAL,SUN,20-Oct,Eagles,2-Feb,28,1,Giants,3-Jan,3,0,,,0
2024,Week 7,FINAL,SUN,20-Oct,Raiders,2-Feb,15,0,Rams,3-Jan,20,1,,,0
2024,Week 7,FINAL,SUN,20-Oct,Panthers,3-Jan,7,0,Commanders,1-Mar,40,1,,,0
2024,Week 7,FINAL,SUN,20-Oct,Chiefs,Apr-00,28,1,49ers,2-Feb,18,0,,,0
2024,Week 7,FINAL,SUN,20-Oct,Jets,2-Feb,15,0,Steelers,1-Mar,37,1,,,0
2024,Week 7,FINAL,MON,21-Oct,Ravens,2-Feb,41,1,Buccaneers,1-Mar,31,0,,,0
2024,Week 7,FINAL,MON,21-Oct,Chargers,2-Feb,15,0,Cardinals,3-Jan,17,1,,,0
2024,Week 7,BYE,,,Bears,2-Feb,,,,,,,,,0
2024,Week 7,BYE,,,Cowboys,2-Feb,,,,,,,,,0
2024,Week 8,FINAL,THU,24-Oct,Vikings,Apr-00,20,0,Rams,3-Jan,30,1,,,0
2024,Week 8,FINAL,SUN,27-Oct,Ravens,2-Feb,24,0,Browns,3-Jan,29,1,,,0
2024,Week 8,FINAL,SUN,27-Oct,Titans,3-Jan,14,0,Lions,1-Mar,52,1,,,0
2024,Week 8,FINAL,SUN,27-Oct,Colts,2-Feb,20,0,Texans,1-Mar,23,1,,,0
2024,Week 8,FINAL,SUN,27-Oct,Packers,2-Feb,30,1,Jaguars,0-4,27,0,,,0
2024,Week 8,FINAL,SUN,27-Oct,Cardinals,3-Jan,28,1,Dolphins,3-Jan,27,0,,,0
2024,Week 8,FINAL,SUN,27-Oct,Jets,2-Feb,22,0,Patriots,3-Jan,25,1,,,0
2024,Week 8,FINAL,SUN,27-Oct,Falcons,2-Feb,31,1,Buccaneers,1-Mar,26,0,,,0
2024,Week 8,FINAL,SUN,27-Oct,Eagles,2-Feb,37,1,Bengals,3-Jan,17,0,,,0
2024,Week 8,FINAL,SUN,27-Oct,Saints,2-Feb,8,0,Chargers,2-Feb,26,1,,,0
2024,Week 8,FINAL,SUN,27-Oct,Bills,1-Mar,31,1,Seahawks,1-Mar,10,0,,,0
2024,Week 8,FINAL,SUN,27-Oct,Bears,2-Feb,15,0,Commanders,1-Mar,18,1,,,0
2024,Week 8,FINAL,SUN,27-Oct,Panthers,3-Jan,14,0,Broncos,2-Feb,28,1,,,0
2024,Week 8,FINAL,SUN,27-Oct,Chiefs,Apr-00,27,1,Raiders,2-Feb,20,0,,,0
2024,Week 8,FINAL,SUN,27-Oct,Cowboys,2-Feb,24,0,49ers,2-Feb,30,1,,,0
2024,Week 8,FINAL,MON,28-Oct,Giants,3-Jan,18,0,Steelers,1-Mar,26,1,,,0
2024,Week 9,FINAL,THU,31-Oct,Texans,1-Mar,13,0,Jets,2-Feb,21,1,,,0
2024,Week 9,FINAL,SUN,3-Nov,Cowboys,2-Feb,21,0,Falcons,2-Feb,27,1,,,0
2024,Week 9,FINAL,SUN,3-Nov,Broncos,2-Feb,10,0,Ravens,2-Feb,41,1,,,0
2024,Week 9,FINAL,SUN,3-Nov,Dolphins,3-Jan,27,0,Bills,1-Mar,30,1,,,0
2024,Week 9,FINAL,SUN,3-Nov,Saints,2-Feb,22,0,Panthers,3-Jan,23,1,,,0
2024,Week 9,FINAL,SUN,3-Nov,Raiders,2-Feb,24,0,Bengals,3-Jan,41,1,,,0
2024,Week 9,FINAL,SUN,3-Nov,Chargers,2-Feb,27,1,Browns,3-Jan,10,0,,,0
2024,Week 9,FINAL,SUN,3-Nov,Commanders,1-Mar,27,1,Giants,3-Jan,22,0,,,0
2024,Week 9,FINAL,SUN,3-Nov,Patriots,3-Jan,17,0,Titans,3-Jan,20,1,,,0
2024,Week 9,FINAL,SUN,3-Nov,Bears,2-Feb,9,0,Cardinals,3-Jan,29,1,,,0
2024,Week 9,FINAL,SUN,3-Nov,Jaguars,0-4,23,0,Eagles,2-Feb,28,1,,,0
2024,Week 9,FINAL,SUN,3-Nov,Lions,1-Mar,24,1,Packers,2-Feb,14,0,,,0
2024,Week 9,FINAL,SUN,3-Nov,Rams,3-Jan,26,1,Seahawks,1-Mar,20,0,,,0
2024,Week 9,FINAL,SUN,3-Nov,Colts,2-Feb,13,0,Vikings,Apr-00,21,1,,,0
2024,Week 9,FINAL,MON,4-Nov,Buccaneers,1-Mar,24,0,Chiefs,Apr-00,30,1,,,0
2024,Week 9,BYE,,,49ers,2-Feb,,,,,,,,,0
2024,Week 9,BYE,,,Steelers,1-Mar,,,,,,,,,0
2024,Week 10,FINAL,THU,7-Nov,Bengals,3-Jan,34,0,Ravens,2-Feb,35,1,,,0
2024,Week 10,FINAL,SUN,10-Nov,Giants,3-Jan,17,0,Panthers,3-Jan,20,1,,,0
2024,Week 10,FINAL,SUN,10-Nov,Patriots,3-Jan,19,1,Bears,2-Feb,3,0,,,0
2024,Week 10,FINAL,SUN,10-Nov,Bills,1-Mar,30,1,Colts,2-Feb,20,0,,,0
2024,Week 10,FINAL,SUN,10-Nov,Vikings,Apr-00,12,1,Jaguars,0-4,7,0,,,0
2024,Week 10,FINAL,SUN,10-Nov,Broncos,2-Feb,14,0,Chiefs,Apr-00,16,1,,,0
2024,Week 10,FINAL,SUN,10-Nov,Falcons,2-Feb,17,0,Saints,2-Feb,20,1,,,0
2024,Week 10,FINAL,SUN,10-Nov,49ers,2-Feb,23,1,Buccaneers,1-Mar,20,0,,,0
2024,Week 10,FINAL,SUN,10-Nov,Steelers,1-Mar,28,1,Commanders,1-Mar,27,0,,,0
2024,Week 10,FINAL,SUN,10-Nov,Titans,3-Jan,17,0,Chargers,2-Feb,27,1,,,0
2024,Week 10,FINAL,SUN,10-Nov,Jets,2-Feb,6,0,Cardinals,3-Jan,31,1,,,0
2024,Week 10,FINAL,SUN,10-Nov,Eagles,2-Feb,34,1,Cowboys,2-Feb,6,0,,,0
2024,Week 10,FINAL,SUN,10-Nov,Lions,1-Mar,26,1,Texans,1-Mar,23,0,,,0
2024,Week 10,FINAL,MON,11-Nov,Dolphins,3-Jan,23,1,Rams,3-Jan,15,0,,,0
2024,Week 10,BYE,,,Packers,2-Feb,,,,,,,,,0
2024,Week 10,BYE,,,Raiders,2-Feb,,,,,,,,,0
2024,Week 10,BYE,,,Browns,3-Jan,,,,,,,,,0
2024,Week 10,BYE,,,Seahawks,1-Mar,,,,,,,,,0
2024,Week 11,FINAL,THU,14-Nov,Commanders,1-Mar,18,0,Eagles,2-Feb,26,1,,,0
2024,Week 11,FINAL,SUN,17-Nov,Packers,2-Feb,20,1,Bears,2-Feb,19,0,,,0
2024,Week 11,FINAL,SUN,17-Nov,Jaguars,0-4,6,0,Lions,1-Mar,52,1,,,0
2024,Week 11,FINAL,SUN,17-Nov,Raiders,2-Feb,19,0,Dolphins,3-Jan,34,1,,,0
2024,Week 11,FINAL,SUN,17-Nov,Rams,3-Jan,28,1,Patriots,3-Jan,22,0,,,0
2024,Week 11,FINAL,SUN,17-Nov,Browns,3-Jan,14,0,Saints,2-Feb,35,1,,,0
2024,Week 11,FINAL,SUN,17-Nov,Ravens,2-Feb,16,0,Steelers,1-Mar,18,1,,,0
2024,Week 11,FINAL,SUN,17-Nov,Vikings,Apr-00,23,1,Titans,3-Jan,13,0,,,0
2024,Week 11,FINAL,SUN,17-Nov,Colts,2-Feb,28,1,Jets,2-Feb,27,0,,,0
2024,Week 11,FINAL,SUN,17-Nov,Falcons,2-Feb,6,0,Broncos,2-Feb,38,1,,,0
2024,Week 11,FINAL,SUN,17-Nov,Seahawks,1-Mar,20,1,49ers,2-Feb,17,0,,,0
2024,Week 11,FINAL,SUN,17-Nov,Chiefs,Apr-00,21,0,Bills,1-Mar,30,1,,,0
2024,Week 11,FINAL,SUN,17-Nov,Bengals,3-Jan,27,0,Chargers,2-Feb,34,1,,,0
2024,Week 11,FINAL,MON,18-Nov,Texans,1-Mar,34,1,Cowboys,2-Feb,10,0,,,0
2024,Week 11,BYE,,,Panthers,3-Jan,,,,,,,,,0
2024,Week 11,BYE,,,Giants,3-Jan,,,,,,,,,0
2024,Week 11,BYE,,,Buccaneers,1-Mar,,,,,,,,,0
2024,Week 11,BYE,,,Cardinals,3-Jan,,,,,,,,,0
2024,Week 12,FINAL,THU,21-Nov,Steelers,1-Mar,19,0,Browns,3-Jan,24,1,,,0
2024,Week 12,FINAL,SUN,24-Nov,Chiefs,Apr-00,30,1,Panthers,3-Jan,27,0,,,0
2024,Week 12,FINAL,SUN,24-Nov,Vikings,Apr-00,30,1,Bears,2-Feb,27,0,,,0
2024,Week 12,FINAL,SUN,24-Nov,Titans,3-Jan,32,1,Texans,1-Mar,27,0,,,0
2024,Week 12,FINAL,SUN,24-Nov,Lions,1-Mar,24,1,Colts,2-Feb,6,0,,,0
2024,Week 12,FINAL,SUN,24-Nov,Patriots,3-Jan,15,0,Dolphins,3-Jan,34,1,,,0
2024,Week 12,FINAL,SUN,24-Nov,Buccaneers,1-Mar,30,1,Giants,3-Jan,7,0,,,0
2024,Week 12,FINAL,SUN,24-Nov,Cowboys,2-Feb,34,1,Commanders,1-Mar,26,0,,,0
2024,Week 12,FINAL,SUN,24-Nov,Broncos,2-Feb,29,1,Raiders,2-Feb,19,0,,,0
2024,Week 12,FINAL,SUN,24-Nov,49ers,2-Feb,10,0,Packers,2-Feb,38,1,,,0
2024,Week 12,FINAL,SUN,24-Nov,Cardinals,3-Jan,6,0,Seahawks,1-Mar,16,1,,,0
2024,Week 12,FINAL,SUN,24-Nov,Eagles,2-Feb,37,1,Rams,3-Jan,20,0,,,0
2024,Week 12,FINAL,MON,25-Nov,Ravens,2-Feb,30,1,Chargers,2-Feb,23,0,,,0
2024,Week 12,BYE,,,Falcons,2-Feb,,,,,,,,,0
2024,Week 12,BYE,,,Bengals,3-Jan,,,,,,,,,0
2024,Week 12,BYE,,,Jaguars,0-4,,,,,,,,,0
2024,Week 12,BYE,,,Jets,2-Feb,,,,,,,,,0
2024,Week 12,BYE,,,Saints,2-Feb,,,,,,,,,0
2024,Week 12,BYE,,,Bills,1-Mar,,,,,,,,,0
2024,Week 13,FINAL,THU,28-Nov,Bears,2-Feb,20,0,Lions,1-Mar,23,1,,,0
2024,Week 13,FINAL,THU,28-Nov,Giants,3-Jan,20,0,Cowboys,2-Feb,27,1,,,0
2024,Week 13,FINAL,THU,28-Nov,Dolphins,3-Jan,17,0,Packers,2-Feb,30,1,,,0
2024,Week 13,FINAL,FRI,29-Nov,Raiders,2-Feb,17,0,Chiefs,Apr-00,19,1,,,0
2024,Week 13,FINAL,SUN,1-Dec,Chargers,2-Feb,17,1,Falcons,2-Feb,13,0,,,0
2024,Week 13,FINAL,SUN,1-Dec,Steelers,1-Mar,44,1,Bengals,3-Jan,38,0,,,0
2024,Week 13,FINAL,SUN,1-Dec,Texans,1-Mar,23,1,Jaguars,0-4,20,0,,,0
2024,Week 13,FINAL,SUN,1-Dec,Cardinals,3-Jan,22,0,Vikings,Apr-00,23,1,,,0
2024,Week 13,FINAL,SUN,1-Dec,Colts,2-Feb,25,1,Patriots,3-Jan,24,0,,,0
2024,Week 13,FINAL,SUN,1-Dec,Seahawks,1-Mar,26,1,Jets,2-Feb,21,0,,,0
2024,Week 13,FINAL,SUN,1-Dec,Titans,3-Jan,19,0,Commanders,1-Mar,42,1,,,0
2024,Week 13,FINAL,SUN,1-Dec,Buccaneers,1-Mar,26,1,Panthers,3-Jan,23,0,,,0
2024,Week 13,FINAL,SUN,1-Dec,Rams,3-Jan,21,1,Saints,2-Feb,14,0,,,0
2024,Week 13,FINAL,SUN,1-Dec,Eagles,2-Feb,24,1,Ravens,2-Feb,19,0,,,0
2024,Week 13,FINAL,SUN,1-Dec,49ers,2-Feb,10,0,Bills,1-Mar,35,1,,,0
2024,Week 13,FINAL,MON,2-Dec,Browns,3-Jan,32,0,Broncos,2-Feb,41,1,,,0
2024,Week 14,FINAL,THU,5-Dec,Packers,2-Feb,31,0,Lions,1-Mar,34,1,,,0
2024,Week 14,FINAL,SUN,8-Dec,Jets,2-Feb,26,0,Dolphins,3-Jan,32,1,,,0
2024,Week 14,FINAL,SUN,8-Dec,Falcons,2-Feb,21,0,Vikings,Apr-00,42,1,,,0
2024,Week 14,FINAL,SUN,8-Dec,Saints,2-Feb,14,1,Giants,3-Jan,11,0,,,0
2024,Week 14,FINAL,SUN,8-Dec,Panthers,3-Jan,16,0,Eagles,2-Feb,22,1,,,0
2024,Week 14,FINAL,SUN,8-Dec,Browns,3-Jan,14,0,Steelers,1-Mar,27,1,,,0
2024,Week 14,FINAL,SUN,8-Dec,Raiders,2-Feb,13,0,Buccaneers,1-Mar,28,1,,,0
2024,Week 14,FINAL,SUN,8-Dec,Jaguars,0-4,10,1,Titans,3-Jan,6,0,,,0
2024,Week 14,FINAL,SUN,8-Dec,Seahawks,1-Mar,30,1,Cardinals,3-Jan,18,0,,,0
2024,Week 14,FINAL,SUN,8-Dec,Bills,1-Mar,42,0,Rams,3-Jan,44,1,,,0
2024,Week 14,FINAL,SUN,8-Dec,Bears,2-Feb,13,0,49ers,2-Feb,38,1,,,0
2024,Week 14,FINAL,SUN,8-Dec,Chargers,2-Feb,17,0,Chiefs,Apr-00,19,1,,,0
2024,Week 14,FINAL,MON,9-Dec,Bengals,3-Jan,27,1,Cowboys,2-Feb,20,0,,,0
2024,Week 14,BYE,,,Texans,1-Mar,,,,,,,,,0
2024,Week 14,BYE,,,Commanders,1-Mar,,,,,,,,,0
2024,Week 14,BYE,,,Ravens,2-Feb,,,,,,,,,0
2024,Week 14,BYE,,,Patriots,3-Jan,,,,,,,,,0
2024,Week 14,BYE,,,Broncos,2-Feb,,,,,,,,,0
2024,Week 14,BYE,,,Colts,2-Feb,,,,,,,,,0
2024,Week 15,FINAL,THU,12-Dec,Rams,3-Jan,12,1,49ers,2-Feb,6,0,,,0
2024,Week 15,FINAL,SUN,15-Dec,Cowboys,2-Feb,30,1,Panthers,3-Jan,14,0,,,0
2024,Week 15,FINAL,SUN,15-Dec,Chiefs,Apr-00,21,1,Browns,3-Jan,7,0,,,0
2024,Week 15,FINAL,SUN,15-Dec,Dolphins,3-Jan,12,0,Texans,1-Mar,20,1,,,0
2024,Week 15,FINAL,SUN,15-Dec,Jets,2-Feb,32,1,Jaguars,0-4,25,0,,,0
2024,Week 15,FINAL,SUN,15-Dec,Commanders,1-Mar,20,1,Saints,2-Feb,19,0,,,0
2024,Week 15,FINAL,SUN,15-Dec,Ravens,2-Feb,35,1,Giants,3-Jan,14,0,,,0
2024,Week 15,FINAL,SUN,15-Dec,Bengals,3-Jan,37,1,Titans,3-Jan,27,0,,,0
2024,Week 15,FINAL,SUN,15-Dec,Patriots,3-Jan,17,0,Cardinals,3-Jan,30,1,,,0
2024,Week 15,FINAL,SUN,15-Dec,Colts,2-Feb,13,0,Broncos,2-Feb,31,1,,,0
2024,Week 15,FINAL,SUN,15-Dec,Bills,1-Mar,48,1,Lions,1-Mar,42,0,,,0
2024,Week 15,FINAL,SUN,15-Dec,Buccaneers,1-Mar,40,1,Chargers,2-Feb,17,0,,,0
2024,Week 15,FINAL,SUN,15-Dec,Steelers,1-Mar,13,0,Eagles,2-Feb,27,1,,,0
2024,Week 15,FINAL,SUN,15-Dec,Packers,2-Feb,30,1,Seahawks,1-Mar,13,0,,,0
2024,Week 15,FINAL,MON,16-Dec,Bears,2-Feb,12,0,Vikings,Apr-00,30,1,,,0
2024,Week 15,FINAL,MON,16-Dec,Falcons,2-Feb,15,1,Raiders,2-Feb,9,0,,,0
2024,Week 16,FINAL,THU,19-Dec,Broncos,2-Feb,27,0,Chargers,2-Feb,34,1,,,0
2024,Week 16,FINAL,SAT,21-Dec,Texans,1-Mar,19,0,Chiefs,Apr-00,27,1,,,0
2024,Week 16,FINAL,SAT,21-Dec,Steelers,1-Mar,17,0,Ravens,2-Feb,34,1,,,0
2024,Week 16,FINAL,SUN,22-Dec,Giants,3-Jan,7,0,Falcons,2-Feb,34,1,,,0
2024,Week 16,FINAL,SUN,22-Dec,Cardinals,3-Jan,30,0,Panthers,3-Jan,36,1,,,0
2024,Week 16,FINAL,SUN,22-Dec,Lions,1-Mar,34,1,Bears,2-Feb,17,0,,,0
2024,Week 16,FINAL,SUN,22-Dec,Titans,3-Jan,30,0,Colts,2-Feb,38,1,,,0
2024,Week 16,FINAL,SUN,22-Dec,Rams,3-Jan,19,1,Jets,2-Feb,9,0,,,0
2024,Week 16,FINAL,SUN,22-Dec,Eagles,2-Feb,33,0,Commanders,1-Mar,36,1,,,0
2024,Week 16,FINAL,SUN,22-Dec,Browns,3-Jan,6,0,Bengals,3-Jan,24,1,,,0
2024,Week 16,FINAL,SUN,22-Dec,Vikings,Apr-00,27,1,Seahawks,1-Mar,24,0,,,0
2024,Week 16,FINAL,SUN,22-Dec,Patriots,3-Jan,21,0,Bills,1-Mar,24,1,,,0
2024,Week 16,FINAL,SUN,22-Dec,Jaguars,0-4,14,0,Raiders,2-Feb,19,1,,,0
2024,Week 16,FINAL,SUN,22-Dec,49ers,2-Feb,17,0,Dolphins,3-Jan,29,1,,,0
2024,Week 16,FINAL,SUN,22-Dec,Buccaneers,1-Mar,24,0,Cowboys,2-Feb,26,1,,,0
2024,Week 16,FINAL,MON,23-Dec,Saints,2-Feb,0,0,Packers,2-Feb,34,1,,,0
2024,Week 17,FINAL,WED,25-Dec,Chiefs,Apr-00,29,1,Steelers,1-Mar,10,0,,,0
2024,Week 17,FINAL,WED,25-Dec,Ravens,2-Feb,31,1,Texans,1-Mar,2,0,,,0
2024,Week 17,FINAL,THU,26-Dec,Seahawks,1-Mar,6,1,Bears,2-Feb,3,0,,,0
2024,Week 17,FINAL,SAT,28-Dec,Chargers,2-Feb,40,1,Patriots,3-Jan,7,0,,,0
2024,Week 17,FINAL,SAT,28-Dec,Broncos,2-Feb,24,0,Bengals,3-Jan,30,1,,,0
2024,Week 17,FINAL,SAT,28-Dec,Cardinals,3-Jan,9,0,Rams,3-Jan,13,1,,,0
2024,Week 17,FINAL,SUN,29-Dec,Colts,2-Feb,33,0,Giants,3-Jan,45,1,,,0
2024,Week 17,FINAL,SUN,29-Dec,Jets,2-Feb,14,0,Bills,1-Mar,40,1,,,0
2024,Week 17,FINAL,SUN,29-Dec,Titans,3-Jan,13,0,Jaguars,0-4,20,1,,,0
2024,Week 17,FINAL,SUN,29-Dec,Raiders,2-Feb,25,1,Saints,2-Feb,10,0,,,0
2024,Week 17,FINAL,SUN,29-Dec,Panthers,3-Jan,14,0,Buccaneers,1-Mar,48,1,,,0
2024,Week 17,FINAL,SUN,29-Dec,Cowboys,2-Feb,7,0,Eagles,2-Feb,41,1,,,0
2024,Week 17,FINAL,SUN,29-Dec,Dolphins,3-Jan,20,1,Browns,3-Jan,3,0,,,0
2024,Week 17,FINAL,SUN,29-Dec,Packers,2-Feb,25,0,Vikings,Apr-00,27,1,,,0
2024,Week 17,FINAL,SUN,29-Dec,Falcons,2-Feb,24,0,Commanders,1-Mar,30,1,,,0
2024,Week 17,FINAL,MON,30-Dec,Lions,1-Mar,40,1,49ers,2-Feb,34,0,,,0
2024,Week 18,FINAL,SAT,4-Jan,Browns,3-Jan,10,0,Ravens,2-Feb,35,1,,,0
2024,Week 18,FINAL,SAT,4-Jan,Bengals,3-Jan,19,1,Steelers,1-Mar,17,0,,,0
2024,Week 18,FINAL,SUN,5-Jan,Panthers,3-Jan,44,1,Falcons,2-Feb,38,0,,,0
2024,Week 18,FINAL,SUN,5-Jan,Commanders,1-Mar,23,1,Cowboys,2-Feb,19,0,,,0
2024,Week 18,FINAL,SUN,5-Jan,Bears,2-Feb,24,1,Packers,2-Feb,22,0,,,0
2024,Week 18,FINAL,SUN,5-Jan,Jaguars,0-4,23,0,Colts,2-Feb,26,1,,,0
2024,Week 18,FINAL,SUN,5-Jan,Bills,1-Mar,16,0,Patriots,3-Jan,23,1,,,0
2024,Week 18,FINAL,SUN,5-Jan,Giants,3-Jan,13,0,Eagles,2-Feb,20,1,,,0
2024,Week 18,FINAL,SUN,5-Jan,Saints,2-Feb,19,0,Buccaneers,1-Mar,27,1,,,0
2024,Week 18,FINAL,SUN,5-Jan,Texans,1-Mar,23,1,Titans,3-Jan,14,0,,,0
2024,Week 18,FINAL,SUN,5-Jan,49ers,2-Feb,24,0,Cardinals,3-Jan,47,1,,,0
2024,Week 18,FINAL,SUN,5-Jan,Chiefs,Apr-00,0,0,Broncos,2-Feb,38,1,,,0
2024,Week 18,FINAL,SUN,5-Jan,Seahawks,1-Mar,30,1,Rams,3-Jan,25,0,,,0
2024,Week 18,FINAL,SUN,5-Jan,Chargers,2-Feb,34,1,Raiders,2-Feb,20,0,,,0
2024,Week 18,FINAL,SUN,5-Jan,Dolphins,3-Jan,20,0,Jets,2-Feb,32,1,,,0
2024,Week 18,FINAL,SUN,5-Jan,Vikings,Apr-00,9,0,Lions,1-Mar,31,1,,,0
2024,Wild Card,FINAL,SAT,11-Jan,Chargers,6-Nov,12,0,Texans,7-Oct,32,1,5,4,1
2024,Wild Card,FINAL,SAT,11-Jan,Steelers,7-Oct,14,0,Ravens,5-Dec,28,1,6,3,1
2024,Wild Card,FINAL,SUN,12-Jan,Broncos,7-Oct,7,0,Bills,13-4,31,1,7,2,1
2024,Wild Card,FINAL,SUN,12-Jan,Packers,6-Nov,10,0,Eagles,14-3,22,1,7,2,1
2024,Wild Card,FINAL,SUN,12-Jan,Commanders,5-Dec,23,1,Buccaneers,7-Oct,20,0,6,3,1
2024,Wild Card,FINAL,MON,13-Jan,Vikings,14-3,9,0,Rams,7-Oct,27,1,5,4,1
2024,Divisional Playoffs,FINAL,SAT,18-Jan,Texans,7-Oct,14,0,Chiefs,15-2,23,1,4,1,1
2024,Divisional Playoffs,FINAL,SAT,18-Jan,Commanders,5-Dec,45,1,Lions,15-2,31,0,6,1,1
2024,Divisional Playoffs,FINAL,SUN,19-Jan,Rams,7-Oct,22,0,Eagles,14-3,28,1,4,2,1
2024,Divisional Playoffs,FINAL,SUN,19-Jan,Ravens,5-Dec,25,0,Bills,13-4,27,1,3,2,1
2024,Conference Championships,FINAL,SUN,26-Jan,Commanders,5-Dec,23,0,Eagles,14-3,55,1,6,2,1
2024,Conference Championships,FINAL,SUN,26-Jan,Bills,13-4,29,0,Chiefs,15-2,32,1,2,1,1
2024,Super Bowl,FINAL,SUN,9-Feb,Chiefs,15-2,22,0,Eagles,14-3,40,1,1,2,1
